{
    "id": "SDRW2200001395",
    "metadata": {
        "title": "국립국어원 구어 말뭉치 SDRW2200001395",
        "creator": "국립국어원",
        "distributor": "국립국어원",
        "year": "2022",
        "category": "구어 > 사적대화 > 일상대화",
        "annotation_level": [
            "원시"
        ],
        "sampling": "본문 전체"
    },
    "document": [
        {
            "id": "SDRW2200001395.1",
            "metadata": {
                "title": "2인 일상 대화",
                "author": "개인 발화자",
                "publisher": "개인 발화 녹음",
                "date": "20221119",
                "topic": "쇼핑 > 물품을 구매하는 방법, 사고 싶은 물건, 구입하고 만족한 물건",
                "environment": "",
                "speaker": [
                    {
                        "id": "SD2200421",
                        "age": "30대",
                        "occupation": "사무 종사자",
                        "sex": "남성",
                        "birthplace": "경기",
                        "principal_residence": "경기",
                        "current_residence": "경기",
                        "education": "대졸"
                    },
                    {
                        "id": "SD2200422",
                        "age": "30대",
                        "occupation": "무직/취업준비생",
                        "sex": "남성",
                        "birthplace": "경기",
                        "principal_residence": "경기",
                        "current_residence": "경기",
                        "education": "대졸"
                    }
                ],
                "setting": {
                    "relation": "형제/자매",
                    "device": "",
                    "mic": ""
                }
            },
            "utterance": [
                {
                    "id": "SDRW2200001395.1.1.1",
                    "form": "최근에 쇼핑하면서",
                    "original_form": "최근에 쇼핑하면서",
                    "speaker_id": "SD2200422",
                    "start": 0.52000,
                    "end": 2.11000,
                    "note": ""
                },
                {
                    "id": "SDRW2200001395.1.1.2",
                    "form": "가장 만족스러웠던 쇼핑에는 뭐가 있어?",
                    "original_form": "가장 만족스러웠던 쇼핑에는 뭐가 있어?",
                    "speaker_id": "SD2200422",
                    "start": 2.24844,
                    "end": 5.87000,
                    "note": ""
                },
                {
                    "id": "SDRW2200001395.1.1.3",
                    "form": "아.",
                    "original_form": "아.",
                    "speaker_id": "SD2200421",
                    "start": 6.25500,
                    "end": 6.86200,
                    "note": ""
                },
                {
                    "id": "SDRW2200001395.1.1.4",
                    "form": "어 태블릿을 구매했었는데",
                    "original_form": "어 타블렛을 구매했었는데",
                    "speaker_id": "SD2200421",
                    "start": 7.82000,
                    "end": 10.51000,
                    "note": ""
                },
                {
                    "id": "SDRW2200001395.1.1.5",
                    "form": "어 그게 가장 만족스러웠어.",
                    "original_form": "어~ 그게 가장 만족스러웠어.",
                    "speaker_id": "SD2200421",
                    "start": 10.82000,
                    "end": 13.01000,
                    "note": ""
                },
                {
                    "id": "SDRW2200001395.1.1.6",
                    "form": "왜냐하면은 어 가격도",
                    "original_form": "왜냐하면은 어~ 가격도",
                    "speaker_id": "SD2200421",
                    "start": 13.62191,
                    "end": 17.09000,
                    "note": ""
                },
                {
                    "id": "SDRW2200001395.1.1.7",
                    "form": "저렴한 편이었고",
                    "original_form": "저렴한 편이었고",
                    "speaker_id": "SD2200421",
                    "start": 17.77715,
                    "end": 19.27800,
                    "note": ""
                },
                {
                    "id": "SDRW2200001395.1.1.8",
                    "form": "거기에 상응하는 성능은",
                    "original_form": "거기에 상응하는 성능은",
                    "speaker_id": "SD2200421",
                    "start": 19.53000,
                    "end": 22.82000,
                    "note": ""
                },
                {
                    "id": "SDRW2200001395.1.1.9",
                    "form": "그 가격에 비해서 아주 뛰어난 편이어서",
                    "original_form": "그 가격에 비해서 아주 뛰어난 편이어서",
                    "speaker_id": "SD2200421",
                    "start": 23.05778,
                    "end": 25.90200,
                    "note": ""
                },
                {
                    "id": "SDRW2200001395.1.1.10",
                    "form": "어 아주 만족스러웠어. 그",
                    "original_form": "어~ 아주 만족스러웠어. 그~",
                    "speaker_id": "SD2200421",
                    "start": 26.31000,
                    "end": 29.18200,
                    "note": ""
                },
                {
                    "id": "SDRW2200001395.1.1.11",
                    "form": "태블릿의 용도는 어 인강을 듣는 용도였었는데",
                    "original_form": "타블렛의 용도는 어~ 인강을 듣는 용도였었는데",
                    "speaker_id": "SD2200421",
                    "start": 29.40000,
                    "end": 33.27800,
                    "note": ""
                },
                {
                    "id": "SDRW2200001395.1.1.12",
                    "form": "어 그 인강을 원활하게 들을 수 있었고",
                    "original_form": "어~ 그 인강을 원활하게 들을 수 있었고",
                    "speaker_id": "SD2200421",
                    "start": 33.80000,
                    "end": 37.82313,
                    "note": ""
                },
                {
                    "id": "SDRW2200001395.1.1.13",
                    "form": "또한 그 인강을 들어서 결과도 좋아 가지고",
                    "original_form": "또한 그 인강을 들어서 결과도 좋아 가주구",
                    "speaker_id": "SD2200421",
                    "start": 37.82313,
                    "end": 42.04000,
                    "note": ""
                },
                {
                    "id": "SDRW2200001395.1.1.14",
                    "form": "아주 만족스러운 구매 후기 구매였었어.",
                    "original_form": "아주 만족스러운 구매 -후기- 구매였었어.",
                    "speaker_id": "SD2200421",
                    "start": 42.41000,
                    "end": 45.71000,
                    "note": ""
                },
                {
                    "id": "SDRW2200001395.1.1.15",
                    "form": "어 너는 그러면은 최근에 구매한 물건 중에",
                    "original_form": "어 너는 그러면은 최근에 구매한 물건 중에",
                    "speaker_id": "SD2200421",
                    "start": 46.54000,
                    "end": 49.50061,
                    "note": ""
                },
                {
                    "id": "SDRW2200001395.1.1.16",
                    "form": "좀 만족스럽게 썼었던 물건이 뭐 있어?",
                    "original_form": "쫌 만족스럽게 썼었던 물건이 뭐 있어?",
                    "speaker_id": "SD2200421",
                    "start": 49.50061,
                    "end": 52.33400,
                    "note": ""
                },
                {
                    "id": "SDRW2200001395.1.1.17",
                    "form": "최근에 구매한 물건 중에 만족스러운 물건은",
                    "original_form": "최근에 구매한 물건 중에 만족스러운 물건은",
                    "speaker_id": "SD2200422",
                    "start": 53.26000,
                    "end": 56.57400,
                    "note": ""
                },
                {
                    "id": "SDRW2200001395.1.1.18",
                    "form": "어 바지를 샀었는데 이게",
                    "original_form": "어 바지를 샀었는데 이게",
                    "speaker_id": "SD2200422",
                    "start": 59.40700,
                    "end": 63.37400,
                    "note": ""
                },
                {
                    "id": "SDRW2200001395.1.1.19",
                    "form": "내 몸에도 딱 맞고",
                    "original_form": "내 몸에도 딱 맞고",
                    "speaker_id": "SD2200422",
                    "start": 65.15100,
                    "end": 66.65400,
                    "note": ""
                },
                {
                    "id": "SDRW2200001395.1.1.20",
                    "form": "만족스러워서 자주 입을 거 같아.",
                    "original_form": "만족스러워서 자주 입을 거 같아.",
                    "speaker_id": "SD2200422",
                    "start": 68.59000,
                    "end": 72.84600,
                    "note": ""
                },
                {
                    "id": "SDRW2200001395.1.1.21",
                    "form": "그러면은",
                    "original_form": "그러면은",
                    "speaker_id": "SD2200422",
                    "start": 76.09500,
                    "end": 76.91000,
                    "note": ""
                },
                {
                    "id": "SDRW2200001395.1.1.22",
                    "form": "형은 쇼핑을 할 때 주로 어떤",
                    "original_form": "형은 쇼핑을 할 때 주로 어떤",
                    "speaker_id": "SD2200422",
                    "start": 77.94000,
                    "end": 81.85400,
                    "note": ""
                },
                {
                    "id": "SDRW2200001395.1.1.23",
                    "form": "쇼핑몰이나 뭐 경로를 통해서 그 그런 쇼핑을 하는 거야?",
                    "original_form": "쇼핑몰이나 뭐~ 경로를 통해서 -그- 그런 쇼핑을 하는 거야?",
                    "speaker_id": "SD2200422",
                    "start": 83.13500,
                    "end": 88.06200,
                    "note": ""
                },
                {
                    "id": "SDRW2200001395.1.1.24",
                    "form": "어",
                    "original_form": "어~",
                    "speaker_id": "SD2200421",
                    "start": 88.70300,
                    "end": 89.35800,
                    "note": ""
                },
                {
                    "id": "SDRW2200001395.1.1.25",
                    "form": "나는 주로 인터넷을 통해서 쇼핑을 하긴 하는데",
                    "original_form": "나는 주로 인터넷을 통해서 쇼핑을 하긴 하는데",
                    "speaker_id": "SD2200421",
                    "start": 90.32000,
                    "end": 95.29400,
                    "note": ""
                },
                {
                    "id": "SDRW2200001395.1.1.26",
                    "form": "어 너 네가 구매했던 그런 바지나",
                    "original_form": "어~ -너- 너가 구매했던 그런 바지나",
                    "speaker_id": "SD2200421",
                    "start": 95.68000,
                    "end": 100.23800,
                    "note": ""
                },
                {
                    "id": "SDRW2200001395.1.1.27",
                    "form": "신발 어 위에 옷 같은 거는",
                    "original_form": "신발 어 위에 옷 같은 거는",
                    "speaker_id": "SD2200421",
                    "start": 100.42000,
                    "end": 103.69400,
                    "note": ""
                },
                {
                    "id": "SDRW2200001395.1.1.28",
                    "form": "실제로 매장을 통해서 확인을 해 본 다음에",
                    "original_form": "실제로 매장을 통해서 확인을 해 본 다음에",
                    "speaker_id": "SD2200421",
                    "start": 103.94000,
                    "end": 108.15800,
                    "note": ""
                },
                {
                    "id": "SDRW2200001395.1.1.29",
                    "form": "그 내 몸에 맞는지를 확인하고",
                    "original_form": "그~ 내 몸에 맞는지를 확인하고",
                    "speaker_id": "SD2200421",
                    "start": 108.85000,
                    "end": 111.69400,
                    "note": ""
                },
                {
                    "id": "SDRW2200001395.1.1.30",
                    "form": "그런 다음 인터넷을 통해서 구매를 하는 편이야.",
                    "original_form": "그런 다음 인터넷을 통해서 구매를 하는 편이야.",
                    "speaker_id": "SD2200421",
                    "start": 112.07000,
                    "end": 115.48600,
                    "note": ""
                },
                {
                    "id": "SDRW2200001395.1.1.31",
                    "form": "왜냐하면은 어 현장에서 사는 것보다",
                    "original_form": "왜냐하면은 어 현장에서 사는 것보다",
                    "speaker_id": "SD2200421",
                    "start": 115.81000,
                    "end": 119.94809,
                    "note": ""
                },
                {
                    "id": "SDRW2200001395.1.1.32",
                    "form": "값이 쌀 때가 있고",
                    "original_form": "값이 쌀 때가 있고",
                    "speaker_id": "SD2200421",
                    "start": 119.94809,
                    "end": 121.32600,
                    "note": ""
                },
                {
                    "id": "SDRW2200001395.1.1.33",
                    "form": "또 어 나의 멤버십",
                    "original_form": "또 어~ 나의 멤버십",
                    "speaker_id": "SD2200421",
                    "start": 121.78000,
                    "end": 125.79000,
                    "note": ""
                },
                {
                    "id": "SDRW2200001395.1.1.34",
                    "form": "인터넷을 통해 구매하면 멤버십을 통한 할인도",
                    "original_form": "인터넷을 통해 구매하면 멤버십을 통한 할인도",
                    "speaker_id": "SD2200421",
                    "start": 126.15000,
                    "end": 129.71001,
                    "note": ""
                },
                {
                    "id": "SDRW2200001395.1.1.35",
                    "form": "가능한 경우가 있기 때문에",
                    "original_form": "가능한 경우가 있기 때문에",
                    "speaker_id": "SD2200421",
                    "start": 130.09000,
                    "end": 132.31799,
                    "note": ""
                },
                {
                    "id": "SDRW2200001395.1.1.36",
                    "form": "주로 어 현장을 통해 확인한 후",
                    "original_form": "주로 어~ 현장을 통해 확인한 후",
                    "speaker_id": "SD2200421",
                    "start": 132.54000,
                    "end": 135.56599,
                    "note": ""
                },
                {
                    "id": "SDRW2200001395.1.1.37",
                    "form": "인터넷을 통해 구매를 하는 편이야.",
                    "original_form": "인터넷을 통해 구매를 하는 편이야.",
                    "speaker_id": "SD2200421",
                    "start": 135.67000,
                    "end": 138.42999,
                    "note": ""
                },
                {
                    "id": "SDRW2200001395.1.1.38",
                    "form": "그럼 너는 어 주로",
                    "original_form": "금 너는 어 주로",
                    "speaker_id": "SD2200421",
                    "start": 139.32000,
                    "end": 141.93542,
                    "note": ""
                },
                {
                    "id": "SDRW2200001395.1.1.39",
                    "form": "어떤 사이트나 아니면은 현장",
                    "original_form": "어떤 사이트나 아니면은 현장",
                    "speaker_id": "SD2200421",
                    "start": 141.93542,
                    "end": 144.42999,
                    "note": ""
                },
                {
                    "id": "SDRW2200001395.1.1.40",
                    "form": "그 옷을 구매할 때 최근에 구매했던 그 바지는",
                    "original_form": "그~ 옷을 구매할 때 최근에 구매했던 그 바지는",
                    "speaker_id": "SD2200421",
                    "start": 144.91000,
                    "end": 147.98596,
                    "note": ""
                },
                {
                    "id": "SDRW2200001395.1.1.41",
                    "form": "어떻게 어떤 유통 경로로 구매를 하게 됐었어?",
                    "original_form": "어떻게 어떤 유통 경로로 구매를 하게 됐었어?",
                    "speaker_id": "SD2200421",
                    "start": 147.98596,
                    "end": 152.14200,
                    "note": ""
                },
                {
                    "id": "SDRW2200001395.1.1.42",
                    "form": "나도 조금 비슷한 경우를 통해서 구매를 한 거 같은데",
                    "original_form": "나도 조금 비슷한 경우를 통해서 구매를 한 거 같은데",
                    "speaker_id": "SD2200422",
                    "start": 152.79900,
                    "end": 157.51801,
                    "note": ""
                },
                {
                    "id": "SDRW2200001395.1.1.43",
                    "form": "매장에 가서 한번 입어 보고",
                    "original_form": "매장에 가서 한번 입어 보고",
                    "speaker_id": "SD2200422",
                    "start": 157.72000,
                    "end": 160.81400,
                    "note": ""
                },
                {
                    "id": "SDRW2200001395.1.1.44",
                    "form": "쇼핑몰을 통해서 구매를 했었어.",
                    "original_form": "쇼핑몰을 통해서 구매를 했었어.",
                    "speaker_id": "SD2200422",
                    "start": 162.97501,
                    "end": 165.61400,
                    "note": ""
                },
                {
                    "id": "SDRW2200001395.1.1.45",
                    "form": "근데 쇼핑몰을 통해서 구매를 할 땐 확실히",
                    "original_form": "근데 쇼핑몰을 통해서 구매를 할 땐 확실히",
                    "speaker_id": "SD2200422",
                    "start": 167.93500,
                    "end": 172.86200,
                    "note": ""
                },
                {
                    "id": "SDRW2200001395.1.1.46",
                    "form": "그렇게",
                    "original_form": "그렇게",
                    "speaker_id": "SD2200422",
                    "start": 173.93500,
                    "end": 174.55800,
                    "note": ""
                },
                {
                    "id": "SDRW2200001395.1.1.47",
                    "form": "안 맞는 옷이나 안 맞는",
                    "original_form": "안 맞는 옷이나 안 맞는",
                    "speaker_id": "SD2200422",
                    "start": 178.01500,
                    "end": 180.41400,
                    "note": ""
                },
                {
                    "id": "SDRW2200001395.1.1.48",
                    "form": "안 맞는 것들이 있는 거 같아.",
                    "original_form": "안 맞는 것들이 있는 거 같아.",
                    "speaker_id": "SD2200422",
                    "start": 183.08701,
                    "end": 186.67000,
                    "note": ""
                },
                {
                    "id": "SDRW2200001395.1.1.49",
                    "form": "그래서 확실히 형 말대로 그렇게",
                    "original_form": "그래서 확실히 형 말대로 그렇기",
                    "speaker_id": "SD2200422",
                    "start": 187.33000,
                    "end": 190.70200,
                    "note": ""
                },
                {
                    "id": "SDRW2200001395.1.1.50",
                    "form": "입어 보고 사는 게 좋은 거 같아.",
                    "original_form": "입어 보고 사는 게 좋은 거 같아.",
                    "speaker_id": "SD2200422",
                    "start": 192.30299,
                    "end": 195.02200,
                    "note": ""
                },
                {
                    "id": "SDRW2200001395.1.1.51",
                    "form": "음 그렇구나.",
                    "original_form": "음~ 그렇구나.",
                    "speaker_id": "SD2200421",
                    "start": 198.49500,
                    "end": 199.96000,
                    "note": ""
                },
                {
                    "id": "SDRW2200001395.1.1.52",
                    "form": "그러면은 어 최근에 뭐",
                    "original_form": "그러면은 어~ 최근에 뭐~",
                    "speaker_id": "SD2200421",
                    "start": 200.45000,
                    "end": 203.71001,
                    "note": ""
                },
                {
                    "id": "SDRW2200001395.1.1.53",
                    "form": "구매한 거 말고 네가 장래에",
                    "original_form": "구매한 거 말고 니가 장래에",
                    "speaker_id": "SD2200421",
                    "start": 204.71899,
                    "end": 207.49156,
                    "note": ""
                },
                {
                    "id": "SDRW2200001395.1.1.54",
                    "form": "구매하고 싶은 뭐 물건이나",
                    "original_form": "구매하고 싶은 뭐~ 물건이나",
                    "speaker_id": "SD2200421",
                    "start": 207.49156,
                    "end": 209.75800,
                    "note": ""
                },
                {
                    "id": "SDRW2200001395.1.1.55",
                    "form": "상품이 있어?",
                    "original_form": "상품이 있어?",
                    "speaker_id": "SD2200421",
                    "start": 209.86000,
                    "end": 211.03799,
                    "note": ""
                },
                {
                    "id": "SDRW2200001395.1.1.56",
                    "form": "내가 구매하고 싶은 물건은",
                    "original_form": "내가 구매하고 싶은 물건은",
                    "speaker_id": "SD2200422",
                    "start": 212.27100,
                    "end": 214.57401,
                    "note": ""
                },
                {
                    "id": "SDRW2200001395.1.1.57",
                    "form": "내 신발이 많이 낡아서",
                    "original_form": "내 신발이 많이 낡아서",
                    "speaker_id": "SD2200422",
                    "start": 215.62000,
                    "end": 217.63000,
                    "note": ""
                },
                {
                    "id": "SDRW2200001395.1.1.58",
                    "form": "신발을 하나 구매하고 싶은데 쓰",
                    "original_form": "신발을 하나 구매하고 싶은데 쓰",
                    "speaker_id": "SD2200422",
                    "start": 219.51000,
                    "end": 221.59000,
                    "note": ""
                },
                {
                    "id": "SDRW2200001395.1.1.59",
                    "form": "그것도 아마",
                    "original_form": "그것도 아마",
                    "speaker_id": "SD2200422",
                    "start": 222.17000,
                    "end": 223.95000,
                    "note": ""
                },
                {
                    "id": "SDRW2200001395.1.1.60",
                    "form": "쇼핑몰이나 뭐 대형 마트",
                    "original_form": "쇼핑몰이나 뭐~ 대형 마트",
                    "speaker_id": "SD2200422",
                    "start": 224.80000,
                    "end": 227.95000,
                    "note": ""
                },
                {
                    "id": "SDRW2200001395.1.1.61",
                    "form": "아니면 매장에 가서 직접 한번 신어 보고",
                    "original_form": "아니면 매장에 가서 직접 한번 신어 보고",
                    "speaker_id": "SD2200422",
                    "start": 228.67000,
                    "end": 232.27000,
                    "note": ""
                },
                {
                    "id": "SDRW2200001395.1.1.62",
                    "form": "인터넷 쇼핑몰을 통해서 구매해야 할 거 같아.",
                    "original_form": "인터넷 쇼핑몰을 통해서 구매해야 할 거 같아.",
                    "speaker_id": "SD2200422",
                    "start": 233.34300,
                    "end": 236.04601,
                    "note": ""
                },
                {
                    "id": "SDRW2200001395.1.1.63",
                    "form": "형은",
                    "original_form": "형은",
                    "speaker_id": "SD2200422",
                    "start": 236.30000,
                    "end": 236.71000,
                    "note": ""
                },
                {
                    "id": "SDRW2200001395.1.1.64",
                    "form": "지금 사고 싶은 뭐 물건이나 그런 게 있어?",
                    "original_form": "지금 사고 싶은 뭐~ 물건이나 그런 게 있어?",
                    "speaker_id": "SD2200422",
                    "start": 238.07899,
                    "end": 241.11800,
                    "note": ""
                },
                {
                    "id": "SDRW2200001395.1.1.65",
                    "form": "어",
                    "original_form": "어~",
                    "speaker_id": "SD2200421",
                    "start": 241.90300,
                    "end": 242.52600,
                    "note": ""
                },
                {
                    "id": "SDRW2200001395.1.1.66",
                    "form": "이제 곧 겨울이 다가오니까",
                    "original_form": "이제 곧 겨울이 다가오니까",
                    "speaker_id": "SD2200421",
                    "start": 243.96700,
                    "end": 246.14200,
                    "note": ""
                },
                {
                    "id": "SDRW2200001395.1.1.67",
                    "form": "패딩을 하나 구매하고 싶긴 해.",
                    "original_form": "패딩을 하나 구매하고 싶긴 해.",
                    "speaker_id": "SD2200421",
                    "start": 246.36000,
                    "end": 248.75000,
                    "note": ""
                },
                {
                    "id": "SDRW2200001395.1.1.68",
                    "form": "근데 지금 기존에 가진 패딩이",
                    "original_form": "근데 지금 기존에 가진 패딩이",
                    "speaker_id": "SD2200421",
                    "start": 249.18000,
                    "end": 252.87801,
                    "note": ""
                },
                {
                    "id": "SDRW2200001395.1.1.69",
                    "form": "어 두 개가 있는데 그거",
                    "original_form": "어~ 두 개가 있는데 그거",
                    "speaker_id": "SD2200421",
                    "start": 253.25000,
                    "end": 256.28601,
                    "note": ""
                },
                {
                    "id": "SDRW2200001395.1.1.70",
                    "form": "외에도 또 구매를 하려니깐",
                    "original_form": "외에도 또 구매를 할려니깐",
                    "speaker_id": "SD2200421",
                    "start": 256.44000,
                    "end": 259.48599,
                    "note": ""
                },
                {
                    "id": "SDRW2200001395.1.1.71",
                    "form": "어 쪼끔 고민이기는 해.",
                    "original_form": "어~ 쪼끔 고민이기는 해.",
                    "speaker_id": "SD2200421",
                    "start": 260.00000,
                    "end": 261.87228,
                    "note": ""
                },
                {
                    "id": "SDRW2200001395.1.1.72",
                    "form": "근데 과거에 구매했던 그 패딩이",
                    "original_form": "근데 과거에 구매했던 그 패딩이",
                    "speaker_id": "SD2200421",
                    "start": 261.87228,
                    "end": 264.68600,
                    "note": ""
                },
                {
                    "id": "SDRW2200001395.1.1.73",
                    "form": "지금 올해 스타일에 맞지가 않아 가지고",
                    "original_form": "지금 올해 스타일에 맞지가 않아 가주구",
                    "speaker_id": "SD2200421",
                    "start": 265.65000,
                    "end": 269.61401,
                    "note": ""
                },
                {
                    "id": "SDRW2200001395.1.1.74",
                    "form": "아 쪼끔 구매를 해야 될지 말아야 될지.",
                    "original_form": "아~ 쪼끔 구매를 해야 될지 말아야 될지.",
                    "speaker_id": "SD2200421",
                    "start": 270.18000,
                    "end": 274.52600,
                    "note": ""
                },
                {
                    "id": "SDRW2200001395.1.1.75",
                    "form": "그리고 가격대는 어느 정도 선에서 구매를 해야 될지",
                    "original_form": "그리고 가격대는 어느 정도 선에서 구매를 해야 될지",
                    "speaker_id": "SD2200421",
                    "start": 274.78000,
                    "end": 279.24600,
                    "note": ""
                },
                {
                    "id": "SDRW2200001395.1.1.76",
                    "form": "고민이긴 해.",
                    "original_form": "고민이긴 해.",
                    "speaker_id": "SD2200421",
                    "start": 279.44000,
                    "end": 280.60000,
                    "note": ""
                },
                {
                    "id": "SDRW2200001395.1.1.77",
                    "form": "너는 어 요번 겨울을 맞아서 뭐",
                    "original_form": "너는 어~ 요번 겨울을 맞아서 뭐~",
                    "speaker_id": "SD2200421",
                    "start": 281.23517,
                    "end": 284.44601,
                    "note": ""
                },
                {
                    "id": "SDRW2200001395.1.1.78",
                    "form": "겨울옷이나 아니면은 겨울 용품들",
                    "original_form": "겨울옷이나 아니면은 겨울 용품들",
                    "speaker_id": "SD2200421",
                    "start": 284.71000,
                    "end": 287.77399,
                    "note": ""
                },
                {
                    "id": "SDRW2200001395.1.1.79",
                    "form": "뭐 그런 거에 대해서 구매할 계획이 있어?",
                    "original_form": "뭐~ 그런 거에 대해서 구매할 계획이 있어?",
                    "speaker_id": "SD2200421",
                    "start": 287.90000,
                    "end": 290.81400,
                    "note": ""
                },
                {
                    "id": "SDRW2200001395.1.1.80",
                    "form": "겨울 용품이 많이 부족하긴 한데",
                    "original_form": "겨울 용품이 많이 부족하긴 한데",
                    "speaker_id": "SD2200422",
                    "start": 291.98300,
                    "end": 294.94000,
                    "note": ""
                },
                {
                    "id": "SDRW2200001395.1.1.81",
                    "form": "그런 물건들을 사려면은",
                    "original_form": "그런 물건들을 사려면은",
                    "speaker_id": "SD2200422",
                    "start": 298.03101,
                    "end": 301.72601,
                    "note": ""
                },
                {
                    "id": "SDRW2200001395.1.1.82",
                    "form": "돈이 많 많지 않아서",
                    "original_form": "돈이 -많- 많지 않아서",
                    "speaker_id": "SD2200422",
                    "start": 303.19901,
                    "end": 305.11801,
                    "note": ""
                },
                {
                    "id": "SDRW2200001395.1.1.83",
                    "form": "그런 물건들을 사야 할까 지금",
                    "original_form": "그런 물건들을 사야 할까 지금",
                    "speaker_id": "SD2200422",
                    "start": 307.89000,
                    "end": 310.25400,
                    "note": ""
                },
                {
                    "id": "SDRW2200001395.1.1.84",
                    "form": "기존에 있던 옷들을 입어야 할까 고민 중이야.",
                    "original_form": "기존에 있던 옷들을 입어야 할까 고민 중이야.",
                    "speaker_id": "SD2200422",
                    "start": 311.80701,
                    "end": 314.65399,
                    "note": ""
                },
                {
                    "id": "SDRW2200001395.1.1.85",
                    "form": "그러면은 어 이번 겨울에는",
                    "original_form": "그러면은 어~ 이번 겨울에는",
                    "speaker_id": "SD2200421",
                    "start": 325.80701,
                    "end": 330.71799,
                    "note": ""
                },
                {
                    "id": "SDRW2200001395.1.1.86",
                    "form": "어 좀 저렴한 상품들을 구매하는 방식으로",
                    "original_form": "어~ 쫌 저렴한 상품들을 구매하는 방식으로",
                    "speaker_id": "SD2200421",
                    "start": 330.83000,
                    "end": 335.05399,
                    "note": ""
                },
                {
                    "id": "SDRW2200001395.1.1.87",
                    "form": "나가 보면은 어떨까?",
                    "original_form": "나가 보면은 어떨까?",
                    "speaker_id": "SD2200421",
                    "start": 335.31000,
                    "end": 337.44000,
                    "note": ""
                },
                {
                    "id": "SDRW2200001395.1.1.88",
                    "form": "어",
                    "original_form": "어~",
                    "speaker_id": "SD2200421",
                    "start": 337.75075,
                    "end": 338.44601,
                    "note": ""
                },
                {
                    "id": "SDRW2200001395.1.1.89",
                    "form": "인터넷을 통해서 구매하는 것도 그런데",
                    "original_form": "인터넷을 통해서 구매하는 것두 그런데",
                    "speaker_id": "SD2200421",
                    "start": 339.05000,
                    "end": 343.12109,
                    "note": ""
                },
                {
                    "id": "SDRW2200001395.1.1.90",
                    "form": "뭐 예를 들어서",
                    "original_form": "뭐~ 예를 들어서",
                    "speaker_id": "SD2200421",
                    "start": 343.12109,
                    "end": 344.17000,
                    "note": ""
                },
                {
                    "id": "SDRW2200001395.1.1.91",
                    "form": "어 할인 몰?",
                    "original_form": "어~ 할인 몰?",
                    "speaker_id": "SD2200421",
                    "start": 346.00000,
                    "end": 346.65399,
                    "note": ""
                },
                {
                    "id": "SDRW2200001395.1.1.92",
                    "form": "할인 점에서 작년 이월 상품들을 팔기도 하잖아.",
                    "original_form": "할인 점에서 작년 이월 상품들을 팔기도 하잖아.",
                    "speaker_id": "SD2200421",
                    "start": 347.65000,
                    "end": 352.20599,
                    "note": ""
                },
                {
                    "id": "SDRW2200001395.1.1.93",
                    "form": "그런 이월 상품들을 좀 노려 보는 것도",
                    "original_form": "그런 이월 상품들을 쫌 노려 보는 것도",
                    "speaker_id": "SD2200421",
                    "start": 352.82000,
                    "end": 355.85400,
                    "note": ""
                },
                {
                    "id": "SDRW2200001395.1.1.94",
                    "form": "나쁘지 않을 거 같아.",
                    "original_form": "나쁘지 않을 거 같애.",
                    "speaker_id": "SD2200421",
                    "start": 355.96000,
                    "end": 357.23001,
                    "note": ""
                },
                {
                    "id": "SDRW2200001395.1.1.95",
                    "form": "그거에 대해서는 어떻게 생각해?",
                    "original_form": "그거에 대해서는 어떻게 생각해?",
                    "speaker_id": "SD2200421",
                    "start": 358.81500,
                    "end": 360.65399,
                    "note": ""
                },
                {
                    "id": "SDRW2200001395.1.1.96",
                    "form": "그런 이월 상품들을",
                    "original_form": "그런 이월 상품들을",
                    "speaker_id": "SD2200422",
                    "start": 362.22299,
                    "end": 365.95001,
                    "note": ""
                },
                {
                    "id": "SDRW2200001395.1.1.97",
                    "form": "봤을 때 품질이 괜찮고",
                    "original_form": "봤을 때 품질이 괜찮고",
                    "speaker_id": "SD2200422",
                    "start": 367.39099,
                    "end": 370.04599,
                    "note": ""
                },
                {
                    "id": "SDRW2200001395.1.1.98",
                    "form": "뭐 내 몸에 맞고 하면은",
                    "original_form": "뭐~ 내 몸에 맞고 하면은",
                    "speaker_id": "SD2200422",
                    "start": 370.58000,
                    "end": 373.35800,
                    "note": ""
                },
                {
                    "id": "SDRW2200001395.1.1.99",
                    "form": "그런 이월 상품을 사서 입는 것도",
                    "original_form": "그런 이월 상품을 사서 입는 것도",
                    "speaker_id": "SD2200422",
                    "start": 374.71899,
                    "end": 378.53000,
                    "note": ""
                },
                {
                    "id": "SDRW2200001395.1.1.100",
                    "form": "나는 괜찮다고 생각해.",
                    "original_form": "나는 괜찮다고 생각해.",
                    "speaker_id": "SD2200422",
                    "start": 378.80203,
                    "end": 380.14200,
                    "note": ""
                },
                {
                    "id": "SDRW2200001395.1.1.101",
                    "form": "그러면은 앞으로",
                    "original_form": "그러면은 앞으로",
                    "speaker_id": "SD2200422",
                    "start": 384.49500,
                    "end": 386.35001,
                    "note": ""
                },
                {
                    "id": "SDRW2200001395.1.1.102",
                    "form": "뭔가 사고 싶은 물건 그런 게 있어?",
                    "original_form": "뭔가 사고 싶은 물건 그런 게 있어?",
                    "speaker_id": "SD2200422",
                    "start": 387.43900,
                    "end": 389.74200,
                    "note": ""
                },
                {
                    "id": "SDRW2200001395.1.1.103",
                    "form": "어 앞으로 사고 싶은 물건은",
                    "original_form": "어~ 앞으로 사고 싶은 물건은",
                    "speaker_id": "SD2200421",
                    "start": 390.63901,
                    "end": 394.87799,
                    "note": ""
                },
                {
                    "id": "SDRW2200001395.1.1.104",
                    "form": "지금 이제",
                    "original_form": "지금 이제",
                    "speaker_id": "SD2200421",
                    "start": 397.08701,
                    "end": 398.14200,
                    "note": ""
                },
                {
                    "id": "SDRW2200001395.1.1.105",
                    "form": "노트북을 하나 구매 하고 싶기는 해.",
                    "original_form": "노트북을 하나 구매 하고 싶기는 해.",
                    "speaker_id": "SD2200421",
                    "start": 400.78299,
                    "end": 403.75800,
                    "note": ""
                },
                {
                    "id": "SDRW2200001395.1.1.106",
                    "form": "어 기존에 쓰던 노트북이",
                    "original_form": "어~ 기존에 쓰던 노트북이",
                    "speaker_id": "SD2200421",
                    "start": 404.22000,
                    "end": 406.39801,
                    "note": ""
                },
                {
                    "id": "SDRW2200001395.1.1.107",
                    "form": "너무 오래됐기도 했고 또",
                    "original_form": "너무 오래됐기도 했고 또",
                    "speaker_id": "SD2200421",
                    "start": 406.63000,
                    "end": 409.47000,
                    "note": ""
                },
                {
                    "id": "SDRW2200001395.1.1.108",
                    "form": "최근에 인터넷 쇼핑을 하면서",
                    "original_form": "최근에 인터넷 쇼핑을 하면서",
                    "speaker_id": "SD2200421",
                    "start": 409.96000,
                    "end": 412.73401,
                    "note": ""
                },
                {
                    "id": "SDRW2200001395.1.1.109",
                    "form": "노트북을 사용했었는데",
                    "original_form": "노트북을 사용했었는데",
                    "speaker_id": "SD2200421",
                    "start": 413.27000,
                    "end": 414.98999,
                    "note": ""
                },
                {
                    "id": "SDRW2200001395.1.1.110",
                    "form": "어 성능 좀 오래되다 보니까 성능이 좀",
                    "original_form": "어~ -성능- 쫌 오래되다 보니까 성능이 조금",
                    "speaker_id": "SD2200421",
                    "start": 415.37000,
                    "end": 419.61401,
                    "note": ""
                },
                {
                    "id": "SDRW2200001395.1.1.111",
                    "form": "낮기도 하고 좀 버벅대는 그런 현상이 있었어.",
                    "original_form": "낮기도 하고 좀 버벅이는 그런 현상이 있었어.",
                    "speaker_id": "SD2200421",
                    "start": 420.16000,
                    "end": 424.67001,
                    "note": ""
                },
                {
                    "id": "SDRW2200001395.1.1.112",
                    "form": "그래서 어 최소한 뭐 업그레이드를 하거나",
                    "original_form": "그래서 어~ 최소한 뭐~ 업그레이드를 하거나",
                    "speaker_id": "SD2200421",
                    "start": 425.07000,
                    "end": 429.63000,
                    "note": ""
                },
                {
                    "id": "SDRW2200001395.1.1.113",
                    "form": "아니면은",
                    "original_form": "아니면은",
                    "speaker_id": "SD2200421",
                    "start": 429.84000,
                    "end": 430.62201,
                    "note": ""
                },
                {
                    "id": "SDRW2200001395.1.1.114",
                    "form": "저렴하게 구매를 할 수 있는 경로를 알게 된다고 하면은",
                    "original_form": "저렴한게 구매를 할 수 있는 경로를 알게 된다고 하면은",
                    "speaker_id": "SD2200421",
                    "start": 431.49000,
                    "end": 436.25400,
                    "note": ""
                },
                {
                    "id": "SDRW2200001395.1.1.115",
                    "form": "어 노트북 구매도 한번 고려해 볼 거 같아.",
                    "original_form": "어~ 노트북 구매도 한번 고려해 볼 거 같애.",
                    "speaker_id": "SD2200421",
                    "start": 436.46000,
                    "end": 441.07001,
                    "note": ""
                },
                {
                    "id": "SDRW2200001395.1.1.116",
                    "form": "너는 뭐 전자 제품이나 이런 거가",
                    "original_form": "너는 뭐~ 전자 제품이나 이런 거가",
                    "speaker_id": "SD2200421",
                    "start": 445.40701,
                    "end": 448.54199,
                    "note": ""
                },
                {
                    "id": "SDRW2200001395.1.1.117",
                    "form": "뭐 부족하지는 않아?",
                    "original_form": "뭐~ 부족하지는 않애?",
                    "speaker_id": "SD2200421",
                    "start": 448.92000,
                    "end": 450.17401,
                    "note": ""
                },
                {
                    "id": "SDRW2200001395.1.1.118",
                    "form": "내가 전자 제품을",
                    "original_form": "내가 전자 제품을",
                    "speaker_id": "SD2200422",
                    "start": 451.69501,
                    "end": 454.25400,
                    "note": ""
                },
                {
                    "id": "SDRW2200001395.1.1.119",
                    "form": "뭐 노트북도 있고 하지만",
                    "original_form": "뭐~ 노트북도 있고 하지만",
                    "speaker_id": "SD2200422",
                    "start": 455.12000,
                    "end": 457.35800,
                    "note": ""
                },
                {
                    "id": "SDRW2200001395.1.1.120",
                    "form": "그렇게 막 자주 사용 핸드폰을 제외하고는",
                    "original_form": "그렇게 막 -자주 사용- 핸드폰을 제외하고는",
                    "speaker_id": "SD2200422",
                    "start": 457.94000,
                    "end": 461.77399,
                    "note": ""
                },
                {
                    "id": "SDRW2200001395.1.1.121",
                    "form": "자주 사용하지는 않는 편이라",
                    "original_form": "자주 사용하지는 않는 편이라",
                    "speaker_id": "SD2200422",
                    "start": 462.15000,
                    "end": 464.41400,
                    "note": ""
                },
                {
                    "id": "SDRW2200001395.1.1.122",
                    "form": "특별히",
                    "original_form": "특별히",
                    "speaker_id": "SD2200422",
                    "start": 466.91101,
                    "end": 467.48599,
                    "note": ""
                },
                {
                    "id": "SDRW2200001395.1.1.123",
                    "form": "필요한 전자 제품은",
                    "original_form": "필요한 -전자 제품은-",
                    "speaker_id": "SD2200422",
                    "start": 468.37000,
                    "end": 469.99000,
                    "note": ""
                },
                {
                    "id": "SDRW2200001395.1.1.124",
                    "form": "전자 제품이 당장은 없는 거 같아.",
                    "original_form": "전자 제품이 당장은 없는 거 같아.",
                    "speaker_id": "SD2200422",
                    "start": 470.59000,
                    "end": 472.84601,
                    "note": ""
                },
                {
                    "id": "SDRW2200001395.1.1.125",
                    "form": "뭐 또 다른 거 사고 싶은 건 없어?",
                    "original_form": "뭐~ 또 다른 거 사고 싶은 건 없어?",
                    "speaker_id": "SD2200422",
                    "start": 479.69501,
                    "end": 483.11801,
                    "note": ""
                },
                {
                    "id": "SDRW2200001395.1.1.126",
                    "form": "음.",
                    "original_form": "음.",
                    "speaker_id": "SD2200421",
                    "start": 484.01501,
                    "end": 485.08600,
                    "note": ""
                },
                {
                    "id": "SDRW2200001395.1.1.127",
                    "form": "최근에 내가 어",
                    "original_form": "최근에 내가 어~",
                    "speaker_id": "SD2200421",
                    "start": 487.69501,
                    "end": 489.95001,
                    "note": ""
                },
                {
                    "id": "SDRW2200001395.1.1.128",
                    "form": "시력 교정 수술을 했는데",
                    "original_form": "시력 교정 수술을 했는데",
                    "speaker_id": "SD2200421",
                    "start": 491.79099,
                    "end": 493.69400,
                    "note": ""
                },
                {
                    "id": "SDRW2200001395.1.1.129",
                    "form": "어",
                    "original_form": "어~",
                    "speaker_id": "SD2200421",
                    "start": 494.14000,
                    "end": 494.78201,
                    "note": ""
                },
                {
                    "id": "SDRW2200001395.1.1.130",
                    "form": "어 수술을 하고 나서 쪼금 눈부심이 많이",
                    "original_form": "어~ 수술을 하고 나서 쪼금 -눈부심이 많이-",
                    "speaker_id": "SD2200421",
                    "start": 497.19901,
                    "end": 500.51001,
                    "note": ""
                },
                {
                    "id": "SDRW2200001395.1.1.131",
                    "form": "눈부심을 많이 느꼈어. 그래서",
                    "original_form": "눈부심을 많이 느꼈어. 그래서",
                    "speaker_id": "SD2200421",
                    "start": 500.79000,
                    "end": 503.56601,
                    "note": ""
                },
                {
                    "id": "SDRW2200001395.1.1.132",
                    "form": "어 선글라스나 아니면은",
                    "original_form": "어~ 썬글라스나 아니면은",
                    "speaker_id": "SD2200421",
                    "start": 504.47000,
                    "end": 507.72601,
                    "note": ""
                },
                {
                    "id": "SDRW2200001395.1.1.133",
                    "form": "안경인데 그 자외선을 좀 차단해 줄 수 있는",
                    "original_form": "안경인데 그~ 자외선을 좀 차단해 줄 수 있는",
                    "speaker_id": "SD2200421",
                    "start": 508.09000,
                    "end": 512.26391,
                    "note": ""
                },
                {
                    "id": "SDRW2200001395.1.1.134",
                    "form": "그런 안경들이 있더라고.",
                    "original_form": "그런 안경들이 있더라고.",
                    "speaker_id": "SD2200421",
                    "start": 512.26391,
                    "end": 513.77399,
                    "note": ""
                },
                {
                    "id": "SDRW2200001395.1.1.135",
                    "form": "그런 안경이나 선글라스에 대해",
                    "original_form": "그런 안경이나 썬글라스에 대해",
                    "speaker_id": "SD2200421",
                    "start": 514.27000,
                    "end": 517.96600,
                    "note": ""
                },
                {
                    "id": "SDRW2200001395.1.1.136",
                    "form": "선글라스를 좀 구매하려고 알아보기는 했었어.",
                    "original_form": "썬글라스를 좀 구매할려고 알아보기는 했었어.",
                    "speaker_id": "SD2200421",
                    "start": 518.23000,
                    "end": 522.01398,
                    "note": ""
                },
                {
                    "id": "SDRW2200001395.1.1.137",
                    "form": "근데 어",
                    "original_form": "근데 어~",
                    "speaker_id": "SD2200421",
                    "start": 522.32000,
                    "end": 524.08000,
                    "note": ""
                },
                {
                    "id": "SDRW2200001395.1.1.138",
                    "form": "안경에 대한 그런 지식들이 없다 보니까",
                    "original_form": "안경에 대한 그런 지식들이 없다 보니까",
                    "speaker_id": "SD2200421",
                    "start": 524.47609,
                    "end": 527.40601,
                    "note": ""
                },
                {
                    "id": "SDRW2200001395.1.1.139",
                    "form": "가격이나 이런 것들에 대해서",
                    "original_form": "가격이나 이런 것들에 대해서",
                    "speaker_id": "SD2200421",
                    "start": 528.06000,
                    "end": 530.75000,
                    "note": ""
                },
                {
                    "id": "SDRW2200001395.1.1.140",
                    "form": "좀 더 알을 알아봐야 되겠더라고.",
                    "original_form": "쫌 더 -알을- 알아봐야 되겠더라고.",
                    "speaker_id": "SD2200421",
                    "start": 531.02000,
                    "end": 533.85400,
                    "note": ""
                },
                {
                    "id": "SDRW2200001395.1.1.141",
                    "form": "어 그래서 최근에 안경점을 방문할 생각이야.",
                    "original_form": "어~ 그래서 최근에 안경점을 방문할 생각이야.",
                    "speaker_id": "SD2200421",
                    "start": 534.55000,
                    "end": 538.98999,
                    "note": ""
                },
                {
                    "id": "SDRW2200001395.1.1.142",
                    "form": "나도",
                    "original_form": "나도",
                    "speaker_id": "SD2200422",
                    "start": 541.58301,
                    "end": 542.33398,
                    "note": ""
                },
                {
                    "id": "SDRW2200001395.1.1.143",
                    "form": "시력 교정을 자꾸 엄마가 받으라고 해서",
                    "original_form": "시력 교정을 자꾸 엄마가 받으라고 해서",
                    "speaker_id": "SD2200422",
                    "start": 543.50299,
                    "end": 547.15002,
                    "note": ""
                },
                {
                    "id": "SDRW2200001395.1.1.144",
                    "form": "지금 안경을 새로 사야 할지",
                    "original_form": "지금 안경을 새로 사야 할지",
                    "speaker_id": "SD2200422",
                    "start": 550.22302,
                    "end": 553.51801,
                    "note": ""
                },
                {
                    "id": "SDRW2200001395.1.1.145",
                    "form": "안경이 많이 낡아서 안경을 새로 사야 할지 아니면은",
                    "original_form": "안경이 많이 낡아서 안경을 새로 사야 할지 아니면은",
                    "speaker_id": "SD2200422",
                    "start": 554.29000,
                    "end": 558.04602,
                    "note": ""
                },
                {
                    "id": "SDRW2200001395.1.1.146",
                    "form": "뭐 있던 걸 그대로 써야 할지 고민 중이야.",
                    "original_form": "뭐~ 있던 걸 그대로 써야 할지 고민 중이야.",
                    "speaker_id": "SD2200422",
                    "start": 560.47900,
                    "end": 563.37402,
                    "note": ""
                },
                {
                    "id": "SDRW2200001395.1.1.147",
                    "form": "그 안경에 기스도 나고",
                    "original_form": "그~ 안경에 기스도 나고",
                    "speaker_id": "SD2200422",
                    "start": 570.28699,
                    "end": 572.34998,
                    "note": ""
                },
                {
                    "id": "SDRW2200001395.1.1.148",
                    "form": "그래서 사야 할지 고민 중이야.",
                    "original_form": "그래서 사야 할지 고민 중이야.",
                    "speaker_id": "SD2200422",
                    "start": 573.80701,
                    "end": 575.66199,
                    "note": ""
                },
                {
                    "id": "SDRW2200001395.1.1.149",
                    "form": "그래 한번 우리 어 근처에 있는 뭐 안경점이나",
                    "original_form": "그래 한번 우리 어~ 근처에 있는 뭐~ 안경점이나",
                    "speaker_id": "SD2200421",
                    "start": 583.55103,
                    "end": 588.15802,
                    "note": ""
                },
                {
                    "id": "SDRW2200001395.1.1.150",
                    "form": "어 아니면 뭐",
                    "original_form": "어~ 아니면 뭐~",
                    "speaker_id": "SD2200421",
                    "start": 588.81000,
                    "end": 590.89398,
                    "note": ""
                },
                {
                    "id": "SDRW2200001395.1.1.151",
                    "form": "선글라스를 파는 곳을 가서",
                    "original_form": "썬글라스를 파는 곳을 가서",
                    "speaker_id": "SD2200421",
                    "start": 592.03101,
                    "end": 594.23798,
                    "note": ""
                },
                {
                    "id": "SDRW2200001395.1.1.152",
                    "form": "알아보는 것도 나쁘지 않은 거 같아.",
                    "original_form": "알아보는 것도 나쁘지 않은 거 같애.",
                    "speaker_id": "SD2200421",
                    "start": 594.33000,
                    "end": 596.73401,
                    "note": ""
                },
                {
                    "id": "SDRW2200001395.1.1.153",
                    "form": "집 근처에 있는 어",
                    "original_form": "집 근처에 있는 어~",
                    "speaker_id": "SD2200421",
                    "start": 597.45000,
                    "end": 599.90198,
                    "note": ""
                },
                {
                    "id": "SDRW2200001395.1.1.154",
                    "form": "안경점이라든지 이런 데를 좀 찾아보는 게 좋을 거 같아.",
                    "original_form": "안경점이라든지 이런 데를 쫌 찾아보는 게 좋을 거 같애.",
                    "speaker_id": "SD2200421",
                    "start": 600.81000,
                    "end": 604.97400,
                    "note": ""
                },
                {
                    "id": "SDRW2200001395.1.1.155",
                    "form": "어 가격은 또 어 어떤지 성능은 어떤지",
                    "original_form": "어~ 가격은 또 -어- 어떤지 성능은 어떤지",
                    "speaker_id": "SD2200421",
                    "start": 605.69000,
                    "end": 609.01491,
                    "note": ""
                },
                {
                    "id": "SDRW2200001395.1.1.156",
                    "form": "이런 것도 인터넷을 통해서 좀 더 알아보고.",
                    "original_form": "이런 것도 인터넷을 통해서 좀 더 알아보고.",
                    "speaker_id": "SD2200421",
                    "start": 609.01491,
                    "end": 611.80603,
                    "note": ""
                },
                {
                    "id": "SDRW2200001395.1.1.157",
                    "form": "알겠어 그런",
                    "original_form": "알겠어 그런",
                    "speaker_id": "SD2200422",
                    "start": 615.96698,
                    "end": 617.15002,
                    "note": ""
                },
                {
                    "id": "SDRW2200001395.1.1.158",
                    "form": "안경이나 선글라스 이런 물건들을",
                    "original_form": "안경이나 썬글라스 이런 물건들을",
                    "speaker_id": "SD2200422",
                    "start": 618.65503,
                    "end": 622.22198,
                    "note": ""
                },
                {
                    "id": "SDRW2200001395.1.1.159",
                    "form": "주변 물건들을 파는",
                    "original_form": "-주변- 물건들을 파는",
                    "speaker_id": "SD2200422",
                    "start": 622.59000,
                    "end": 624.48000,
                    "note": ""
                },
                {
                    "id": "SDRW2200001395.1.1.160",
                    "form": "안경점이 주변에 있는지 한번 찾아보고",
                    "original_form": "안경점이 주변에 있는지 한번 찾아보고",
                    "speaker_id": "SD2200422",
                    "start": 624.80323,
                    "end": 627.34198,
                    "note": ""
                },
                {
                    "id": "SDRW2200001395.1.1.161",
                    "form": "사면 좋을 거 같아.",
                    "original_form": "사면 좋을 거 같아.",
                    "speaker_id": "SD2200422",
                    "start": 628.81500,
                    "end": 630.25403,
                    "note": ""
                },
                {
                    "id": "SDRW2200001395.1.1.162",
                    "form": "그",
                    "original_form": "-그-",
                    "speaker_id": "SD2200422",
                    "start": 632.46301,
                    "end": 632.92603,
                    "note": ""
                },
                {
                    "id": "SDRW2200001395.1.1.163",
                    "form": "",
                    "original_form": "",
                    "speaker_id": "SD2200422",
                    "start": 635.37500,
                    "end": 636.20599,
                    "note": ""
                },
                {
                    "id": "SDRW2200001395.1.1.164",
                    "form": "그러면은 최근에는 어",
                    "original_form": "그러면은 최근에는 어~",
                    "speaker_id": "SD2200421",
                    "start": 646.74000,
                    "end": 649.29401,
                    "note": ""
                },
                {
                    "id": "SDRW2200001395.1.1.165",
                    "form": "너는 뭐 나 나는 최근에",
                    "original_form": "너는 뭐~ -나- 나는 최근에",
                    "speaker_id": "SD2200421",
                    "start": 650.67102,
                    "end": 653.35797,
                    "note": ""
                },
                {
                    "id": "SDRW2200001395.1.1.166",
                    "form": "어 그런 안경이나 선글라스에 대해",
                    "original_form": "어~ 그런 안경이나 -썬글라스에 대해-",
                    "speaker_id": "SD2200421",
                    "start": 653.70000,
                    "end": 656.91000,
                    "note": ""
                },
                {
                    "id": "SDRW2200001395.1.1.167",
                    "form": "선글라스를 구매하려고 했었는데",
                    "original_form": "썬글라스를 구매할려고 했었는데",
                    "speaker_id": "SD2200421",
                    "start": 657.07280,
                    "end": 659.21399,
                    "note": ""
                },
                {
                    "id": "SDRW2200001395.1.1.168",
                    "form": "어 너는 뭐",
                    "original_form": "어~ 너는 뭐~",
                    "speaker_id": "SD2200421",
                    "start": 659.93000,
                    "end": 661.80603,
                    "note": ""
                },
                {
                    "id": "SDRW2200001395.1.1.169",
                    "form": "과거에 구매했던 상품 중에",
                    "original_form": "과거에 구매했던 상품 중에",
                    "speaker_id": "SD2200421",
                    "start": 662.83099,
                    "end": 666.27504,
                    "note": ""
                },
                {
                    "id": "SDRW2200001395.1.1.170",
                    "form": "아주 만족스러웠거나",
                    "original_form": "아주 만족스러웠거나",
                    "speaker_id": "SD2200421",
                    "start": 666.27504,
                    "end": 667.95001,
                    "note": ""
                },
                {
                    "id": "SDRW2200001395.1.1.171",
                    "form": "아니면은 어",
                    "original_form": "아니면은 어~",
                    "speaker_id": "SD2200421",
                    "start": 668.24000,
                    "end": 670.25000,
                    "note": ""
                },
                {
                    "id": "SDRW2200001395.1.1.172",
                    "form": "이 돈을 주고서",
                    "original_form": "이 돈을 주구서",
                    "speaker_id": "SD2200421",
                    "start": 670.41209,
                    "end": 673.07001,
                    "note": ""
                },
                {
                    "id": "SDRW2200001395.1.1.173",
                    "form": "그 물건에 샀을 때 아주 흡족했던",
                    "original_form": "그 물건에 샀을 때 아주 흡족했던",
                    "speaker_id": "SD2200421",
                    "start": 673.58000,
                    "end": 676.61152,
                    "note": ""
                },
                {
                    "id": "SDRW2200001395.1.1.174",
                    "form": "뭐 그런 물건이 있었어?",
                    "original_form": "뭐~ 그런 물건이 있었어?",
                    "speaker_id": "SD2200421",
                    "start": 676.61152,
                    "end": 678.84601,
                    "note": ""
                },
                {
                    "id": "SDRW2200001395.1.1.175",
                    "form": "최근에 가장 흡족한 물건은",
                    "original_form": "최근에 가장 흡족스러운 물건은",
                    "speaker_id": "SD2200422",
                    "start": 680.89502,
                    "end": 684.04602,
                    "note": ""
                },
                {
                    "id": "SDRW2200001395.1.1.176",
                    "form": "핸드폰이었는데",
                    "original_form": "핸드폰이었는데",
                    "speaker_id": "SD2200422",
                    "start": 684.88000,
                    "end": 686.81403,
                    "note": ""
                },
                {
                    "id": "SDRW2200001395.1.1.177",
                    "form": "기존에 쓰던 핸드폰이",
                    "original_form": "기존에 쓰던 핸드폰이",
                    "speaker_id": "SD2200422",
                    "start": 687.83000,
                    "end": 689.43799,
                    "note": ""
                },
                {
                    "id": "SDRW2200001395.1.1.178",
                    "form": "배터리가 빨리 닳고",
                    "original_form": "배터리가 빨리 닳고",
                    "speaker_id": "SD2200422",
                    "start": 690.63898,
                    "end": 692.23798,
                    "note": ""
                },
                {
                    "id": "SDRW2200001395.1.1.179",
                    "form": "그 터치 오작동이 자꾸 발생해 가지고",
                    "original_form": "그 터치 오작동이 자꾸 발생해 가주구",
                    "speaker_id": "SD2200422",
                    "start": 693.42297,
                    "end": 696.87799,
                    "note": ""
                },
                {
                    "id": "SDRW2200001395.1.1.180",
                    "form": "지금 쓰는 핸드폰은",
                    "original_form": "지금 쓰는 핸드폰은",
                    "speaker_id": "SD2200422",
                    "start": 697.98297,
                    "end": 699.58197,
                    "note": ""
                },
                {
                    "id": "SDRW2200001395.1.1.181",
                    "form": "충전을 하면은",
                    "original_form": "충전을 하면은",
                    "speaker_id": "SD2200422",
                    "start": 701.43000,
                    "end": 703.48602,
                    "note": ""
                },
                {
                    "id": "SDRW2200001395.1.1.182",
                    "form": "작동 시간도 오래가고 터치 오작동도 발생하지 않고",
                    "original_form": "작동 시간도 오래가고 터치 오작동도 발생하지 않고",
                    "speaker_id": "SD2200422",
                    "start": 707.21503,
                    "end": 711.56598,
                    "note": ""
                },
                {
                    "id": "SDRW2200001395.1.1.183",
                    "form": "그래서",
                    "original_form": "그래서",
                    "speaker_id": "SD2200422",
                    "start": 713.42297,
                    "end": 714.01398,
                    "note": ""
                },
                {
                    "id": "SDRW2200001395.1.1.184",
                    "form": "최근에 가장 만족스러웠던 물건들 중에 하난 거 같아.",
                    "original_form": "최근에 가장 만족스러웠던 물건들 중에 하난 거 같애.",
                    "speaker_id": "SD2200422",
                    "start": 715.13501,
                    "end": 718.41400,
                    "note": ""
                },
                {
                    "id": "SDRW2200001395.1.1.185",
                    "form": "뭐 또 다른 만족스러운 물건들 있었어?",
                    "original_form": "뭐~ 또 다른 만족스러운 물건들 있었어?",
                    "speaker_id": "SD2200422",
                    "start": 725.48700,
                    "end": 728.25403,
                    "note": ""
                },
                {
                    "id": "SDRW2200001395.1.1.186",
                    "form": "음.",
                    "original_form": "음.",
                    "speaker_id": "SD2200421",
                    "start": 729.58301,
                    "end": 730.62201,
                    "note": ""
                },
                {
                    "id": "SDRW2200001395.1.1.187",
                    "form": "나는",
                    "original_form": "나는",
                    "speaker_id": "SD2200421",
                    "start": 732.09497,
                    "end": 732.83002,
                    "note": ""
                },
                {
                    "id": "SDRW2200001395.1.1.188",
                    "form": "최근에 쓴 물건 중에",
                    "original_form": "최근에 쓴 물건 중에",
                    "speaker_id": "SD2200421",
                    "start": 736.01501,
                    "end": 739.64600,
                    "note": ""
                },
                {
                    "id": "SDRW2200001395.1.1.189",
                    "form": "우리집에서 쓰는 물건 중에",
                    "original_form": "우리집에서 쓰는 물건 중에",
                    "speaker_id": "SD2200421",
                    "start": 744.04700,
                    "end": 746.51001,
                    "note": ""
                },
                {
                    "id": "SDRW2200001395.1.1.190",
                    "form": "어 전기 레인지가 가장 만족스러워.",
                    "original_form": "어 전기 레인지가 가장 만족스러워.",
                    "speaker_id": "SD2200421",
                    "start": 747.08000,
                    "end": 751.27802,
                    "note": ""
                },
                {
                    "id": "SDRW2200001395.1.1.191",
                    "form": "왜냐하면은 어 내가 좀 오",
                    "original_form": "왜냐하면은 어~ 내가 쫌 -오-",
                    "speaker_id": "SD2200421",
                    "start": 751.99000,
                    "end": 755.67798,
                    "note": ""
                },
                {
                    "id": "SDRW2200001395.1.1.192",
                    "form": "산지는 오래됐지만",
                    "original_form": "산지는 오래됐지만",
                    "speaker_id": "SD2200421",
                    "start": 755.88000,
                    "end": 757.02000,
                    "note": ""
                },
                {
                    "id": "SDRW2200001395.1.1.193",
                    "form": "인터 해 인터넷 해외 주문을 통해서",
                    "original_form": "-인터- -해- 인터넷 해외 주문을 통해서",
                    "speaker_id": "SD2200421",
                    "start": 757.35670,
                    "end": 760.81403,
                    "note": ""
                },
                {
                    "id": "SDRW2200001395.1.1.194",
                    "form": "구매를 했던 제품이고.",
                    "original_form": "구매를 했던 제품이고.",
                    "speaker_id": "SD2200421",
                    "start": 760.98000,
                    "end": 763.52000,
                    "note": ""
                },
                {
                    "id": "SDRW2200001395.1.1.195",
                    "form": "거기다",
                    "original_form": "거기다",
                    "speaker_id": "SD2200421",
                    "start": 763.86815,
                    "end": 764.73401,
                    "note": ""
                },
                {
                    "id": "SDRW2200001395.1.1.196",
                    "form": "어 다른 뭐 설치를 해 주는 사람이 없이",
                    "original_form": "어~ 다른 뭐~ 설치를 해 주는 사람이 없이",
                    "speaker_id": "SD2200421",
                    "start": 765.21000,
                    "end": 769.34050,
                    "note": ""
                },
                {
                    "id": "SDRW2200001395.1.1.197",
                    "form": "내가 직접 전선을 연결해 가지고",
                    "original_form": "내가 직접 전선을 연결해 가주구",
                    "speaker_id": "SD2200421",
                    "start": 769.34050,
                    "end": 771.51801,
                    "note": ""
                },
                {
                    "id": "SDRW2200001395.1.1.198",
                    "form": "설치를 했고 거기다가",
                    "original_form": "설치를 했고 거기다가",
                    "speaker_id": "SD2200421",
                    "start": 772.07000,
                    "end": 774.47803,
                    "note": ""
                },
                {
                    "id": "SDRW2200001395.1.1.199",
                    "form": "내가",
                    "original_form": "내가",
                    "speaker_id": "SD2200421",
                    "start": 775.27000,
                    "end": 775.88599,
                    "note": ""
                },
                {
                    "id": "SDRW2200001395.1.1.200",
                    "form": "중간에 안전을 위해서",
                    "original_form": "중간에 안전을 위해서",
                    "speaker_id": "SD2200421",
                    "start": 776.97498,
                    "end": 778.99666,
                    "note": ""
                },
                {
                    "id": "SDRW2200001395.1.1.201",
                    "form": "차단기까지 내가 직접 설치를 했던 물건이야.",
                    "original_form": "차단기까지 내가 직접 설치를 했던 물건이야.",
                    "speaker_id": "SD2200421",
                    "start": 778.99666,
                    "end": 782.09399,
                    "note": ""
                },
                {
                    "id": "SDRW2200001395.1.1.202",
                    "form": "어 그 사 그 물건을 사용하면서",
                    "original_form": "어~ 그 -사- 그 물건을 사용하면서",
                    "speaker_id": "SD2200421",
                    "start": 783.66302,
                    "end": 787.66199,
                    "note": ""
                },
                {
                    "id": "SDRW2200001395.1.1.203",
                    "form": "기존 가스렌지와는 다르게",
                    "original_form": "기존 까스렌지와는 다르게",
                    "speaker_id": "SD2200421",
                    "start": 787.91000,
                    "end": 790.84601,
                    "note": ""
                },
                {
                    "id": "SDRW2200001395.1.1.204",
                    "form": "사사용하고서 잔열 잔열 기능을 이용하면은",
                    "original_form": "-사-사용하고서 -잔열- 잔열 기능을 이용하면은",
                    "speaker_id": "SD2200421",
                    "start": 791.51000,
                    "end": 795.88599,
                    "note": ""
                },
                {
                    "id": "SDRW2200001395.1.1.205",
                    "form": "좀 더 에너지를 효율적으로 사용할 수 있어서",
                    "original_form": "쫌 더 에너지를 효율적으로 사용할 수 있어서",
                    "speaker_id": "SD2200421",
                    "start": 796.06000,
                    "end": 799.05402,
                    "note": ""
                },
                {
                    "id": "SDRW2200001395.1.1.206",
                    "form": "되게 만족했덧쓰 만족하면서 쓰는 제품이야.",
                    "original_form": "되게 -만족했덧쓰- 만족하면서 쓰는 제품이야.",
                    "speaker_id": "SD2200421",
                    "start": 799.30000,
                    "end": 802.71802,
                    "note": ""
                },
                {
                    "id": "SDRW2200001395.1.1.207",
                    "form": "전기 레인지 말고도",
                    "original_form": "전기 레인지 말고도",
                    "speaker_id": "SD2200422",
                    "start": 810.47900,
                    "end": 812.34998,
                    "note": ""
                },
                {
                    "id": "SDRW2200001395.1.1.208",
                    "form": "식기세척기를",
                    "original_form": "식기세척기를",
                    "speaker_id": "SD2200422",
                    "start": 814.75098,
                    "end": 816.59003,
                    "note": ""
                },
                {
                    "id": "SDRW2200001395.1.1.209",
                    "form": "샀었는데 엄마가 그 부분에 대해서",
                    "original_form": "샀었는데 엄마가 그 부분에 대해서",
                    "speaker_id": "SD2200422",
                    "start": 818.36700,
                    "end": 822.68000,
                    "note": ""
                },
                {
                    "id": "SDRW2200001395.1.1.210",
                    "form": "조금 만족스러워하는 거 같아.",
                    "original_form": "조금 만족스러워하는 거 같아.",
                    "speaker_id": "SD2200422",
                    "start": 823.00599,
                    "end": 825.11798,
                    "note": ""
                },
                {
                    "id": "SDRW2200001395.1.1.211",
                    "form": "그 매일매일 설거지를 해야 하는데",
                    "original_form": "그 매일매일 설거지를 해야 하는데",
                    "speaker_id": "SD2200422",
                    "start": 825.57000,
                    "end": 829.46997,
                    "note": ""
                },
                {
                    "id": "SDRW2200001395.1.1.212",
                    "form": "손에 물을 뭍히고",
                    "original_form": "손에 물을 뭍히고",
                    "speaker_id": "SD2200422",
                    "start": 830.06000,
                    "end": 832.01398,
                    "note": ""
                },
                {
                    "id": "SDRW2200001395.1.1.213",
                    "form": "세제를 뭍히고 하면서 설거지를 했어야 하는데",
                    "original_form": "세제를 뭍히고 하면서 설거지를 했어야 하는데",
                    "speaker_id": "SD2200422",
                    "start": 834.06299,
                    "end": 837.42200,
                    "note": ""
                },
                {
                    "id": "SDRW2200001395.1.1.214",
                    "form": "그런 일을 할 필요 없이 식기세척기 안에",
                    "original_form": "그런 일을 할 필요 없이 식기세척기 안에",
                    "speaker_id": "SD2200422",
                    "start": 838.60699,
                    "end": 842.12598,
                    "note": ""
                },
                {
                    "id": "SDRW2200001395.1.1.215",
                    "form": "뭐 식기들을 넣고",
                    "original_form": "뭐~ 식기들을 넣고",
                    "speaker_id": "SD2200422",
                    "start": 843.27899,
                    "end": 845.22998,
                    "note": ""
                },
                {
                    "id": "SDRW2200001395.1.1.216",
                    "form": "작동을 시키면은 한 번에 세척이 되니까.",
                    "original_form": "작동을 시키면은 한 번에 세척이 되니까.",
                    "speaker_id": "SD2200422",
                    "start": 846.79901,
                    "end": 850.06201,
                    "note": ""
                },
                {
                    "id": "SDRW2200001395.1.1.217",
                    "form": "그 부분에 대해서 만족스러워하는 거 같아.",
                    "original_form": "그 부분에 대해서 만족스러워하는 거 같아.",
                    "speaker_id": "SD2200422",
                    "start": 850.68000,
                    "end": 853.29401,
                    "note": ""
                },
                {
                    "id": "SDRW2200001395.1.1.218",
                    "form": "그러면은 그 어 식기세척기 사용하면서",
                    "original_form": "그러면은 그~ 어~ 식기세척기 사용하면서",
                    "speaker_id": "SD2200421",
                    "start": 864.63898,
                    "end": 869.58197,
                    "note": ""
                },
                {
                    "id": "SDRW2200001395.1.1.219",
                    "form": "어",
                    "original_form": "어~",
                    "speaker_id": "SD2200421",
                    "start": 869.89000,
                    "end": 870.51001,
                    "note": ""
                },
                {
                    "id": "SDRW2200001395.1.1.220",
                    "form": "뭐 조작법이라든지 그렇게",
                    "original_form": "뭐~ 조작법이라든지 그렇게",
                    "speaker_id": "SD2200421",
                    "start": 871.56700,
                    "end": 875.43000,
                    "note": ""
                },
                {
                    "id": "SDRW2200001395.1.1.221",
                    "form": "다 다른 사람에게도 그런 식기세척기를 추천할 거 같아?",
                    "original_form": "-다- 다른 사람에게두 그런 식기세척기를 추천할 거 같애?",
                    "speaker_id": "SD2200421",
                    "start": 875.74000,
                    "end": 880.22198,
                    "note": ""
                },
                {
                    "id": "SDRW2200001395.1.1.222",
                    "form": "추추천할 거야?",
                    "original_form": "-추-추천할 거야?",
                    "speaker_id": "SD2200421",
                    "start": 880.58000,
                    "end": 882.04602,
                    "note": ""
                },
                {
                    "id": "SDRW2200001395.1.1.223",
                    "form": "식기세척기 조작법 자체가 굉장히 단순하고",
                    "original_form": "식기세척기 조작법 자체가 굉장히 단순하고",
                    "speaker_id": "SD2200422",
                    "start": 883.45502,
                    "end": 887.67798,
                    "note": ""
                },
                {
                    "id": "SDRW2200001395.1.1.224",
                    "form": "또",
                    "original_form": "또",
                    "speaker_id": "SD2200422",
                    "start": 888.84698,
                    "end": 889.18201,
                    "note": ""
                },
                {
                    "id": "SDRW2200001395.1.1.225",
                    "form": "손에 물을 매일 뭍히지 않아도",
                    "original_form": "손에 물을 매일 뭍히지 않아도",
                    "speaker_id": "SD2200422",
                    "start": 891.17000,
                    "end": 893.66199,
                    "note": ""
                },
                {
                    "id": "SDRW2200001395.1.1.226",
                    "form": "물 물이나 세제 같은 걸 매일 뭍히지 않아도",
                    "original_form": "-물- 물이나 세제 같은 걸 매일 뭍히지 않아도",
                    "speaker_id": "SD2200422",
                    "start": 894.26000,
                    "end": 897.45398,
                    "note": ""
                },
                {
                    "id": "SDRW2200001395.1.1.227",
                    "form": "알아서 세척을 해 주니까",
                    "original_form": "알아서 세척을 해 주니까",
                    "speaker_id": "SD2200422",
                    "start": 898.02000,
                    "end": 899.66199,
                    "note": ""
                },
                {
                    "id": "SDRW2200001395.1.1.228",
                    "form": "그 부분에 대해서 매우 만족스러운 거 같고",
                    "original_form": "그 부분에 대해서 매우 만족스러운 거 같고",
                    "speaker_id": "SD2200422",
                    "start": 900.33000,
                    "end": 903.37402,
                    "note": ""
                },
                {
                    "id": "SDRW2200001395.1.1.229",
                    "form": "그 앞으로",
                    "original_form": "그~ 앞으로",
                    "speaker_id": "SD2200422",
                    "start": 907.95099,
                    "end": 909.19800,
                    "note": ""
                },
                {
                    "id": "SDRW2200001395.1.1.230",
                    "form": "식기세척기에 대해서 물어보는 사람이 있으면은 나는 추천할 거 같아.",
                    "original_form": "식기세척기에 대해서 물어보는 사람이 있으면은 나는 추천할 거 같아.",
                    "speaker_id": "SD2200422",
                    "start": 910.41498,
                    "end": 914.83002,
                    "note": ""
                }
            ]
        }
    ]
}